                  epoch,         train/box_loss,         train/seg_loss,         train/cls_loss,         train/dfl_loss,   metrics/precision(B),      metrics/recall(B),       metrics/mAP50(B),    metrics/mAP50-95(B),   metrics/precision(M),      metrics/recall(M),       metrics/mAP50(M),    metrics/mAP50-95(M),           val/box_loss,           val/seg_loss,           val/cls_loss,           val/dfl_loss,                 lr/pg0,                 lr/pg1,                 lr/pg2
                      1,                 1.0586,                 1.3741,                 4.5797,                0.99428,                0.18631,                0.67088,                 0.2649,                0.21639,                0.17576,                0.73311,                 0.2789,                0.18279,                0.90354,                 1.2222,                 18.917,                 0.9726,               0.000231,               0.000231,               0.000231
                      2,                0.83379,                0.93439,                  1.542,                0.96029,                0.36776,                 0.5279,                0.40679,                0.30127,                0.38769,                 0.5396,                0.42258,                0.27899,                 1.0655,                 2.2867,                 7.4949,                 1.2107,             0.00046668,             0.00046668,             0.00046668
                      3,                0.95561,                 1.0733,                 1.2907,                 1.0521,                0.29365,                0.10464,                0.08238,                0.05381,                0.29195,                0.09584,                0.08067,                0.04229,                 2.1138,                 18.513,                    inf,                 3.4714,                 0.0007,                 0.0007,                 0.0007
                      4,                0.99697,                 1.0456,                 1.2075,                 1.0801,                0.66979,                0.11259,                0.09235,                0.06117,                 0.6681,                0.11324,                0.09077,                0.05455,                 1.6003,                 2.6723,                 6.2776,                  1.532,              0.0007034,              0.0007034,              0.0007034
                      5,                0.96742,                 1.0782,                 1.1468,                 1.0272,                0.15883,                0.00452,                0.07791,                0.03667,                0.15556,                0.00514,                0.07986,                0.04259,                 2.6339,                 32.266,                 4.7122,                 2.2176,              0.0007034,              0.0007034,              0.0007034
                      6,                0.90911,                0.96221,                 1.0274,                 1.0385,                 0.4354,                0.64584,                0.50108,                0.37564,                0.46663,                0.66629,                0.52731,                0.34547,                 1.0319,                 1.2613,                 1.6769,                 1.1184,             0.00069986,             0.00069986,             0.00069986
                      7,                0.93656,                0.92703,                 1.0157,                 1.1038,                0.63203,                0.55028,                0.60337,                  0.453,                0.64813,                0.56302,                0.62982,                0.43377,                0.98406,                 1.1526,                  1.438,                 1.0972,             0.00069633,             0.00069633,             0.00069633
                      8,                0.89527,                0.94799,                0.94583,                 1.0414,                0.64045,                0.67016,                0.69914,                0.52162,                0.64681,                0.66308,                0.68583,                0.45941,                0.92486,                 1.2078,                 1.5788,                 1.0796,             0.00069279,             0.00069279,             0.00069279
                      9,                0.83467,                0.84897,                0.81359,                0.99889,                0.62847,                0.59066,                0.61259,                0.47465,                0.64315,                0.60057,                0.62929,                0.46799,                0.90859,                 1.1405,                 1.2263,                 1.0732,             0.00068926,             0.00068926,             0.00068926
                     10,                0.82619,                0.89265,                0.87124,                0.99312,                0.77313,                0.47014,                0.64549,                0.45713,                0.77075,                0.47751,                0.66008,                0.45796,                 1.0232,                 1.1546,                 1.6382,                 1.1237,             0.00068573,             0.00068573,             0.00068573
                     11,                0.77906,                0.81167,                 0.7407,                0.96961,                0.43736,                0.39231,                0.43666,                0.34502,                0.42299,                0.41539,                0.44011,                0.30868,                  1.079,                  2.503,                 2.4208,                 1.1481,             0.00068219,             0.00068219,             0.00068219
                     12,                0.84188,                0.92936,                 0.7943,                 1.0029,                0.75216,                0.53693,                0.65634,                0.48395,                0.75155,                0.55175,                 0.6778,                0.48038,                0.92531,                 1.1047,                 1.8483,                 1.0789,             0.00067866,             0.00067866,             0.00067866
                     13,                0.80795,                0.87154,                0.75804,                0.98697,                0.75138,                0.64867,                0.76464,                0.56784,                0.76584,                0.66695,                0.78581,                0.55128,                0.83063,                 1.0017,                0.90143,                 1.0236,             0.00067512,             0.00067512,             0.00067512
                     14,                0.77719,                 0.8159,                0.73203,                0.98177,                0.59281,                0.66859,                0.63718,                0.50666,                0.60657,                0.67716,                 0.6529,                 0.4782,                 0.8471,                0.99642,                 1.1278,                 1.0342,             0.00067159,             0.00067159,             0.00067159
                     15,                0.75292,                0.83873,                0.70994,                0.94526,                 0.6968,                0.71867,                 0.7714,                0.58712,                0.78931,                0.69137,                0.79658,                0.58232,                0.86935,                 1.1202,                0.86606,                 1.0528,             0.00066805,             0.00066805,             0.00066805
                     16,                0.75929,                 0.8254,                0.73613,                0.95816,                0.71627,                0.77537,                0.79273,                0.61919,                0.72604,                 0.7848,                0.80943,                0.59717,                0.81767,                0.91311,                0.91163,                 1.0196,             0.00066452,             0.00066452,             0.00066452
                     17,                0.73123,                0.81377,                 0.6574,                0.96211,                0.73785,                 0.8245,                0.84422,                0.66959,                0.74413,                0.83893,                0.86129,                0.66165,                0.77411,                0.86772,                0.73298,                0.98993,             0.00066099,             0.00066099,             0.00066099
                     18,                0.77078,                0.76841,                0.65627,                0.98179,                0.77404,                0.65316,                0.75308,                0.59458,                 0.8143,                0.65107,                0.77765,                0.56005,                0.83087,                 1.0207,                0.90455,                 1.0246,             0.00065745,             0.00065745,             0.00065745
                     19,                0.72503,                 0.7489,                0.66082,                0.95482,                0.82719,                0.81606,                0.88044,                0.69665,                0.83974,                0.81193,                0.89155,                0.68713,                0.76469,                0.93325,                0.73737,                 1.0038,             0.00065392,             0.00065392,             0.00065392
                     20,                0.71705,                0.76451,                0.60753,                0.93934,                0.83021,                0.75875,                0.84897,                0.66997,                0.85724,                0.78455,                0.87585,                0.64025,                0.85621,                0.94413,                0.72437,                 1.0339,             0.00065038,             0.00065038,             0.00065038
                     21,                0.72138,                0.75815,                0.60168,                0.93419,                 0.7755,                0.81826,                0.83455,                0.65916,                0.78577,                0.82896,                0.85017,                0.66831,                0.78057,                0.83563,                0.75451,                0.99229,             0.00064685,             0.00064685,             0.00064685
                     22,                0.69896,                0.74604,                0.59632,                 0.9328,                 0.7597,                 0.8308,                0.85986,                0.69112,                0.76905,                0.83519,                0.86805,                0.66188,                0.75997,                0.84198,                0.69745,                0.99851,             0.00064331,             0.00064331,             0.00064331
                     23,                0.68913,                  0.741,                0.58202,                 0.9408,                0.81996,                0.80639,                0.87007,                0.67612,                 0.8403,                0.82039,                0.88058,                0.64807,                0.85359,                0.95275,                0.67027,                 1.0378,             0.00063978,             0.00063978,             0.00063978
                     24,                0.70713,                0.76273,                0.59803,                0.94648,                0.75899,                0.78421,                 0.8139,                0.65006,                0.76773,                0.78087,                0.82193,                0.62686,                0.79516,                0.96301,                0.90706,                 1.0024,             0.00063625,             0.00063625,             0.00063625
                     25,                0.68702,                0.75068,                 0.5465,                 0.9427,                0.86834,                0.80212,                0.87716,                0.70995,                 0.8752,                0.80763,                0.88408,                0.68493,                0.73929,                0.83133,                0.63022,                0.97668,             0.00063271,             0.00063271,             0.00063271
                     26,                0.67568,                0.75066,                0.56327,                0.91719,                0.78724,                0.69545,                0.76927,                0.62343,                0.77246,                0.70529,                0.77415,                0.59499,                0.77304,                0.88592,                0.91123,                0.99563,             0.00062918,             0.00062918,             0.00062918
                     27,                0.68335,                0.74907,                0.53822,                 0.9393,                0.83812,                0.74953,                0.84915,                0.68185,                0.87227,                0.72879,                0.85967,                0.65586,                0.77495,                0.88654,                0.72021,                 1.0073,             0.00062564,             0.00062564,             0.00062564
                     28,                0.68769,                0.69776,                0.55445,                0.93177,                0.82131,                0.85188,                0.87949,                0.70741,                0.84047,                0.87249,                0.89898,                0.67491,                0.71024,                0.79964,                0.62374,                0.96932,             0.00062211,             0.00062211,             0.00062211
                     29,                0.69039,                0.73982,                0.53338,                0.91541,                0.83816,                0.82614,                0.87892,                0.69209,                0.84649,                0.84322,                0.88304,                 0.6719,                0.77378,                0.85703,                0.68108,                0.99025,             0.00061857,             0.00061857,             0.00061857
                     30,                0.64114,                0.69245,                0.48494,                0.89047,                0.81813,                0.78395,                0.85557,                0.69932,                0.82211,                0.80149,                0.87449,                0.67091,                0.74785,                0.92316,                0.67903,                0.99255,             0.00061504,             0.00061504,             0.00061504
                     31,                0.65976,                 0.7184,                0.53497,                0.91618,                0.82727,                0.81419,                  0.855,                0.69828,                 0.8442,                0.82712,                0.87386,                 0.6694,                0.79462,                0.93522,                0.68162,                  1.025,             0.00061151,             0.00061151,             0.00061151
                     32,                0.63241,                 0.6923,                 0.4993,                0.88716,                   0.82,                0.84864,                0.86954,                0.70833,                0.84052,                0.86443,                0.88712,                0.69289,                0.73064,                0.79029,                0.62624,                0.96632,             0.00060797,             0.00060797,             0.00060797
                     33,                0.66746,                0.71285,                0.52482,                0.91855,                0.88414,                0.85742,                0.90537,                0.74912,                0.90753,                0.87316,                0.92744,                 0.7279,                0.70009,                0.76688,                0.55562,                0.96173,             0.00060444,             0.00060444,             0.00060444
                     34,                0.62215,                0.66815,                 0.4602,                0.88872,                0.79158,                0.76341,                0.84482,                0.68923,                0.79136,                0.78009,                0.85447,                 0.6509,                 0.7148,                0.78637,                0.72121,                0.96504,              0.0006009,              0.0006009,              0.0006009
                     35,                 0.6487,                0.70235,                0.48534,                0.90683,                0.87394,                0.81271,                 0.8741,                0.71678,                0.87422,                0.83482,                0.89192,                0.68932,                0.78475,                0.95169,                0.64528,                 1.0081,             0.00059737,             0.00059737,             0.00059737
                     36,                0.65201,                0.69426,                0.49685,                0.91258,                0.79209,                0.76781,                0.81096,                 0.6659,                0.80971,                0.76418,                0.81808,                0.64187,                0.72318,                0.82357,                 0.8306,                0.96533,             0.00059383,             0.00059383,             0.00059383
                     37,                0.62377,                0.66296,                0.47785,                0.89319,                0.87549,                0.85729,                0.91824,                0.75671,                0.88781,                0.86956,                0.93323,                0.73433,                0.70842,                0.81776,                0.55524,                0.96422,              0.0005903,              0.0005903,              0.0005903
                     38,                 0.6535,                0.75588,                0.46725,                 0.8857,                0.86641,                0.89666,                 0.9225,                 0.7597,                0.87982,                0.91005,                0.93449,                0.74791,                0.72422,                0.79115,                0.52034,                0.96933,             0.00058677,             0.00058677,             0.00058677
                     39,                 0.6097,                0.64846,                0.44418,                0.88191,                0.87256,                0.89423,                0.91165,                0.74844,                0.90935,                0.88465,                0.93188,                0.73116,                0.69152,                0.75969,                 0.5249,                0.95794,             0.00058323,             0.00058323,             0.00058323
                     40,                0.61065,                 0.6594,                0.45139,                0.89106,                0.84457,                0.85869,                0.90188,                0.74347,                0.84621,                0.86279,                0.90704,                0.71394,                0.69439,                0.79827,                0.60425,                0.94504,              0.0005797,              0.0005797,              0.0005797
                     41,                0.62483,                0.69245,                0.47561,                0.90708,                0.90881,                0.87361,                0.92634,                0.78577,                0.91785,                0.88653,                0.93711,                0.74394,                0.67186,                 0.7798,                0.50783,                0.94914,             0.00057616,             0.00057616,             0.00057616
                     42,                0.62813,                0.70888,                 0.4378,                0.89446,                0.73301,                0.66948,                0.76958,                0.61295,                0.74145,                0.67846,                0.78706,                0.59731,                0.83582,                0.95545,                 1.0632,                 1.0366,             0.00057263,             0.00057263,             0.00057263
                     43,                0.61955,                0.67219,                0.42534,                0.88933,                0.89546,                0.81522,                0.89953,                0.75603,                0.90064,                0.81603,                0.90829,                0.70566,                 0.7201,                0.82514,                0.54862,                0.97303,             0.00056909,             0.00056909,             0.00056909
                     44,                 0.5941,                 0.6585,                0.44493,                0.89275,                0.90968,                0.84886,                0.92664,                0.76875,                0.92372,                0.86237,                0.93711,                  0.728,                0.67336,                0.74918,                0.56805,                0.95375,             0.00056556,             0.00056556,             0.00056556
                     45,                0.59966,                0.63728,                0.42372,                0.88435,                0.91331,                0.91429,                0.93357,                0.78033,                0.92151,                0.92258,                0.94188,                0.72967,                0.69565,                 0.8075,                0.49273,                0.96794,             0.00056203,             0.00056203,             0.00056203
                     46,                0.60804,                0.64636,                0.42729,                0.89766,                0.85875,                0.80978,                0.85754,                0.72636,                0.87304,                0.81365,                0.86599,                 0.6848,                0.69835,                 0.8156,                0.67503,                0.96182,             0.00055849,             0.00055849,             0.00055849
                     47,                0.56943,                0.61728,                0.40049,                0.87099,                  0.912,                0.90423,                0.93657,                0.78455,                0.92497,                0.91248,                0.94654,                0.72628,                0.69953,                0.80044,                0.49771,                0.96809,             0.00055496,             0.00055496,             0.00055496
                     48,                0.61745,                0.67797,                0.42108,                0.87731,                0.92107,                0.89313,                0.93932,                0.78187,                0.93574,                0.90325,                0.94924,                0.74682,                0.69226,                0.77782,                 0.4991,                0.95686,             0.00055142,             0.00055142,             0.00055142
                     49,                0.58648,                0.67423,                0.40885,                0.86856,                  0.884,                0.90931,                0.93523,                0.77493,                0.88763,                0.92237,                0.94683,                0.72849,                0.69499,                0.82408,                0.47852,                 0.9633,             0.00054789,             0.00054789,             0.00054789
                     50,                0.58877,                0.67058,                0.40089,                0.88269,                0.91254,                0.90703,                0.94094,                0.77844,                0.93228,                0.90891,                0.94919,                 0.7484,                0.70279,                0.80877,                 0.4595,                 0.9714,             0.00054435,             0.00054435,             0.00054435
                     51,                0.58488,                0.66338,                0.42356,                0.88155,                0.91782,                0.87636,                0.93049,                0.78995,                0.91131,                0.90121,                 0.9429,                 0.7445,                0.65855,                0.77745,                0.50293,                0.95045,             0.00054082,             0.00054082,             0.00054082
                     52,                0.56461,                0.67492,                0.41116,                0.86593,                0.89398,                0.89598,                0.93908,                0.80084,                0.90756,                0.90799,                0.94867,                0.75451,                0.66248,                0.76432,                0.48828,                 0.9469,             0.00053728,             0.00053728,             0.00053728
                     53,                0.58348,                0.63168,                 0.3949,                0.87435,                0.89603,                0.86794,                0.91717,                0.78316,                0.91164,                0.87935,                0.92831,                0.72222,                 0.6622,                0.79367,                 0.5192,                0.94945,             0.00053375,             0.00053375,             0.00053375
                     54,                0.55662,                0.62022,                0.38501,                0.86118,                 0.9159,                0.90888,                0.93916,                0.79167,                0.94125,                0.91321,                0.94799,                0.74531,                0.66788,                0.75249,                0.47581,                0.94934,             0.00053022,             0.00053022,             0.00053022
                     55,                0.59428,                 0.6216,                0.39427,                0.87866,                0.89987,                0.85866,                0.91846,                0.77237,                 0.9134,                0.86659,                0.92384,                0.71126,                0.69966,                0.81234,                0.53671,                0.95589,             0.00052668,             0.00052668,             0.00052668
                     56,                0.58649,                0.63759,                0.38943,                 0.8744,                0.89224,                0.90881,                0.92674,                0.79642,                0.91017,                0.90966,                0.94075,                0.74832,                0.66363,                0.73789,                0.48081,                0.95064,             0.00052315,             0.00052315,             0.00052315
                     57,                0.54982,                0.59474,                0.37987,                 0.8623,                 0.9062,                0.89867,                 0.9351,                0.79678,                0.92939,                0.90226,                0.94853,                0.74595,                0.67334,                0.77464,                0.46402,                 0.9577,             0.00051961,             0.00051961,             0.00051961
                     58,                0.58078,                0.61471,                0.39163,                 0.8696,                0.87743,                0.84351,                0.90429,                0.75776,                0.89612,                0.85918,                 0.9219,                0.72108,                0.71868,                0.92023,                0.54413,                 1.0123,             0.00051608,             0.00051608,             0.00051608
                     59,                0.51324,                0.59087,                0.35623,                0.83981,                0.90381,                0.86238,                0.91298,                0.77904,                0.92187,                0.87238,                0.92189,                0.74663,                 0.6535,                0.76551,                0.52518,                0.94393,             0.00051254,             0.00051254,             0.00051254
                     60,                0.57905,                 0.6237,                0.38555,                0.89542,                0.91329,                0.88693,                0.93009,                0.79349,                0.93022,                0.90196,                0.94416,                0.74931,                0.64665,                0.74554,                0.46237,                0.94713,             0.00050901,             0.00050901,             0.00050901
                     61,                0.58011,                0.62682,                0.38625,                0.86152,                0.92344,                0.90871,                0.93879,                0.79524,                0.93487,                0.91467,                0.94789,                0.75353,                0.65592,                0.73674,                0.44851,                0.95805,             0.00050548,             0.00050548,             0.00050548
                     62,                0.53245,                0.61553,                0.36453,                0.86617,                0.90261,                0.88483,                0.92643,                0.79235,                0.91162,                0.90886,                0.93974,                0.74731,                0.66026,                0.72593,                0.47865,                0.95725,             0.00050194,             0.00050194,             0.00050194
                     63,                0.55641,                 0.6391,                0.39419,                0.86241,                0.90856,                 0.9128,                0.94349,                0.79934,                0.92986,                0.92494,                0.95229,                0.74834,                0.67643,                0.75676,                0.47312,                0.95615,             0.00049841,             0.00049841,             0.00049841
                     64,                0.56997,                0.58128,                0.37412,                0.86928,                 0.9092,                0.90232,                0.93536,                 0.7917,                0.92118,                0.91315,                0.94991,                0.73927,                0.67753,                0.76028,                0.49149,                 0.9521,             0.00049487,             0.00049487,             0.00049487
                     65,                0.55806,                0.61341,                0.37279,                0.86655,                0.93774,                0.88639,                0.93591,                0.80513,                0.94082,                0.89578,                0.94158,                0.76492,                0.66278,                0.73227,                0.46549,                0.95509,             0.00049134,             0.00049134,             0.00049134
                     66,                0.53153,                0.60734,                0.34304,                0.84798,                0.90969,                0.92029,                0.94466,                0.80253,                0.92748,                0.93328,                0.95669,                0.75256,                0.63564,                0.73393,                 0.4559,                0.93835,              0.0004878,              0.0004878,              0.0004878
                     67,                0.57092,                0.67977,                0.37251,                0.87874,                0.90475,                0.88822,                0.92343,                0.78595,                0.91486,                0.89722,                0.93195,                0.72865,                0.67003,                0.77471,                0.49273,                0.96705,             0.00048427,             0.00048427,             0.00048427
                     68,                0.52351,                0.59628,                0.34337,                0.84997,                0.91403,                  0.895,                0.93626,                0.80323,                0.92479,                0.90674,                 0.9438,                0.73983,                0.64463,                0.76335,                0.47099,                0.94215,             0.00048074,             0.00048074,             0.00048074
                     69,                0.51423,                0.59031,                 0.3425,                0.84305,                0.91857,                0.90543,                0.93954,                0.80171,                0.92779,                0.90706,                0.94822,                0.75064,                0.64073,                0.76269,                0.46245,                0.93382,              0.0004772,              0.0004772,              0.0004772
                     70,                0.53352,                0.58778,                0.33963,                0.85535,                0.91983,                0.91622,                0.94954,                0.82476,                 0.9298,                0.93032,                0.95761,                 0.7666,                0.63589,                0.74208,                0.44079,                0.93396,             0.00047367,             0.00047367,             0.00047367
                     71,                0.54352,                0.62015,                0.38175,                0.84847,                0.92708,                0.90206,                0.94779,                0.80155,                0.95653,                0.89805,                0.95544,                0.76771,                0.63664,                0.72887,                0.42126,                0.94678,             0.00047013,             0.00047013,             0.00047013
                     72,                0.54077,                0.59857,                0.35969,                0.87028,                0.89721,                0.89735,                0.93372,                0.80424,                0.90817,                 0.9049,                 0.9443,                 0.7509,                0.63967,                0.76407,                0.47066,                0.93623,              0.0004666,              0.0004666,              0.0004666
                     73,                0.52874,                0.55592,                 0.3401,                0.86165,                0.92556,                0.90949,                0.94097,                0.81235,                0.93689,                0.91736,                0.94807,                0.76589,                0.62736,                0.72512,                  0.437,                0.93757,             0.00046306,             0.00046306,             0.00046306
                     74,                0.51948,                0.57404,                0.34488,                0.84718,                0.87272,                0.92026,                0.92867,                0.79645,                0.90109,                0.91484,                 0.9388,                0.75148,                0.64734,                0.76973,                0.45746,                0.94922,             0.00045953,             0.00045953,             0.00045953
                     75,                0.51971,                0.59073,                0.33882,                0.85266,                0.93141,                0.91654,                0.94492,                0.81866,                0.94018,                0.92737,                0.95302,                0.75963,                 0.6447,                0.76017,                 0.4371,                0.95399,               0.000456,               0.000456,               0.000456
                     76,                  0.519,                0.57219,                0.32373,                0.84437,                0.92198,                0.88666,                0.93274,                0.79991,                0.91221,                0.90572,                0.94147,                0.76627,                 0.6388,                0.73271,                0.45689,                0.93554,             0.00045246,             0.00045246,             0.00045246
                     77,                0.53334,                0.58379,                0.33818,                0.85088,                0.85675,                0.80378,                0.89692,                0.76088,                 0.8479,                0.82291,                0.90545,                0.70822,                0.72073,                0.89667,                0.53207,                 1.0139,             0.00044893,             0.00044893,             0.00044893
                     78,                0.50054,                0.57956,                 0.3261,                0.83603,                 0.9122,                0.91468,                0.94201,                0.81075,                 0.9162,                 0.9231,                0.94729,                0.75671,                0.64709,                0.75073,                  0.438,                0.94585,             0.00044539,             0.00044539,             0.00044539
                     79,                0.50787,                0.55462,                0.32211,                0.84452,                 0.9138,                0.91568,                0.94616,                0.81178,                 0.9309,                0.93293,                0.96233,                0.77366,                0.62821,                0.76086,                0.43423,                0.94211,             0.00044186,             0.00044186,             0.00044186
                     80,                0.50083,                0.55869,                0.33658,                0.85484,                0.91853,                0.92158,                0.94302,                0.81634,                0.93127,                 0.9313,                0.95308,                0.76568,                0.64896,                0.75857,                0.43657,                0.96051,             0.00043832,             0.00043832,             0.00043832
                     81,                0.50093,                0.55718,                0.31777,                0.85161,                0.92807,                0.92507,                0.94799,                0.81389,                0.94381,                0.93642,                0.95927,                0.75962,                0.63454,                0.73449,                0.41677,                0.94497,             0.00043479,             0.00043479,             0.00043479
                     82,                0.50674,                0.56127,                0.32503,                0.84063,                0.93275,                0.91132,                0.94414,                0.81959,                0.93875,                0.92555,                0.95827,                0.76422,                0.62471,                0.75487,                0.42132,                0.93348,             0.00043126,             0.00043126,             0.00043126
                     83,                0.49506,                0.53411,                0.31993,                0.84562,                0.92995,                0.92448,                0.94718,                0.82236,                0.93895,                0.93876,                0.95658,                0.77215,                0.61945,                0.74512,                0.41776,                 0.9387,             0.00042772,             0.00042772,             0.00042772
                     84,                0.51205,                0.56755,                0.33021,                0.87241,                0.92649,                0.91351,                0.94611,                0.82034,                0.93784,                0.92615,                0.95943,                0.76558,                0.62969,                0.75106,                0.42476,                0.94418,             0.00042419,             0.00042419,             0.00042419
                     85,                0.51121,                0.56413,                0.32825,                0.83382,                0.92725,                0.90183,                0.94155,                0.81716,                0.93651,                0.91458,                0.95565,                0.76758,                 0.6234,                0.75496,                 0.4252,                0.94925,             0.00042065,             0.00042065,             0.00042065
                     86,                0.47668,                0.53364,                0.30647,                0.83804,                0.91535,                0.89711,                0.93173,                0.80712,                0.92815,                0.92383,                0.94954,                0.75639,                0.62791,                0.77747,                0.42897,                0.94695,             0.00041712,             0.00041712,             0.00041712
                     87,                0.47196,                0.53129,                0.30679,                0.83231,                0.91509,                0.92094,                0.93755,                0.81434,                0.92394,                0.92884,                  0.947,                0.75081,                0.62372,                0.75835,                0.42755,                0.94422,             0.00041358,             0.00041358,             0.00041358
                     88,                0.49337,                0.54049,                0.31417,                0.82907,                0.91514,                0.93352,                0.94868,                0.82416,                0.93269,                0.94803,                 0.9614,                0.76995,                0.62687,                0.74533,                0.40814,                0.94495,             0.00041005,             0.00041005,             0.00041005
                     89,                0.47128,                0.56268,                0.30323,                0.82902,                0.91519,                0.92169,                0.94841,                0.82005,                0.92673,                0.94145,                0.95822,                0.76874,                0.61319,                0.73527,                0.40062,                0.93556,             0.00040652,             0.00040652,             0.00040652
                     90,                0.50105,                0.51883,                0.31519,                0.85223,                0.92757,                0.93317,                0.95285,                0.83136,                0.93898,                 0.9368,                0.96221,                0.78009,                0.61337,                0.73669,                0.40055,                0.94049,             0.00040298,             0.00040298,             0.00040298
                     91,                0.48309,                0.55223,                0.30684,                0.84209,                0.88488,                0.93817,                0.93562,                0.81108,                0.93353,                0.90565,                0.94439,                 0.7656,                0.62879,                0.71107,                0.42192,                0.94134,             0.00039945,             0.00039945,             0.00039945
                     92,                 0.4836,                0.53749,                0.30656,                0.83497,                0.91101,                0.93511,                0.95333,                0.82579,                0.94456,                0.92985,                 0.9632,                0.77266,                0.63123,                0.75941,                0.40337,                0.93849,             0.00039591,             0.00039591,             0.00039591
                     93,                0.46948,                0.54976,                0.29934,                0.82087,                0.93204,                0.92965,                0.95161,                0.82962,                0.95902,                0.93107,                0.96496,                0.78103,                0.62423,                0.72322,                0.40285,                0.94673,             0.00039238,             0.00039238,             0.00039238
                     94,                 0.4923,                0.59518,                0.31857,                0.86289,                0.91607,                0.92726,                0.94794,                0.83523,                0.95297,                0.92561,                0.95959,                0.77348,                0.61097,                0.76616,                 0.4021,                0.93769,             0.00038884,             0.00038884,             0.00038884
                     95,                0.47247,                0.51894,                0.31213,                0.82961,                0.91399,                0.90719,                0.94613,                0.82422,                0.92797,                0.90457,                 0.9492,                0.75524,                0.61524,                0.75821,                0.40602,                0.93501,             0.00038531,             0.00038531,             0.00038531
                     96,                0.47861,                 0.4887,                 0.3059,                0.83614,                0.92981,                0.91849,                0.94504,                  0.823,                0.94026,                0.93486,                0.95569,                0.76609,                 0.6183,                0.75671,                0.41247,                0.94648,             0.00038178,             0.00038178,             0.00038178
                     97,                0.45686,                0.53007,                0.29541,                0.82419,                0.93789,                0.91318,                0.95029,                0.83461,                0.93589,                0.93405,                0.95966,                0.77285,                0.60785,                 0.7105,                0.39825,                0.94091,             0.00037824,             0.00037824,             0.00037824
                     98,                0.46959,                0.50978,                0.30849,                0.83393,                0.92459,                0.93328,                0.94776,                0.82568,                0.94149,                 0.9472,                0.96272,                0.77305,                0.62119,                0.73761,                0.39142,                0.94446,             0.00037471,             0.00037471,             0.00037471
                     99,                0.48048,                0.55876,                0.29999,                0.82877,                 0.9368,                0.92367,                0.95203,                0.83396,                 0.9582,                0.94355,                0.96557,                0.77469,                0.61755,                0.73408,                0.38203,                0.94406,             0.00037117,             0.00037117,             0.00037117
                    100,                0.50765,                0.56949,                0.33219,                0.82167,                0.93899,                0.92756,                0.95406,                0.83097,                0.94992,                0.93305,                 0.9612,                0.77849,                0.61814,                 0.7348,                0.38679,                0.93541,             0.00036764,             0.00036764,             0.00036764
                    101,                0.46983,                0.52128,                0.29025,                0.83915,                0.93798,                0.91992,                 0.9541,                0.83538,                0.94132,                0.94026,                0.96499,                0.77341,                0.61448,                0.74566,                0.38718,                 0.9406,              0.0003641,              0.0003641,              0.0003641
                    102,                0.44985,                0.53578,                0.29581,                0.81988,                0.92187,                0.94164,                0.95258,                 0.8284,                0.93645,                0.94089,                0.96251,                0.77457,                0.63552,                0.76568,                0.39476,                 0.9619,             0.00036057,             0.00036057,             0.00036057
                    103,                0.47509,                0.53766,                0.29146,                0.83822,                0.93377,                0.92416,                 0.9468,                0.83379,                0.94921,                0.93721,                0.96563,                0.77861,                0.61949,                0.75253,                0.39801,                0.95497,             0.00035704,             0.00035704,             0.00035704
                    104,                 0.4534,                0.49949,                0.28283,                0.83457,                0.94336,                0.92115,                0.95387,                0.83364,                 0.9543,                0.93667,                  0.964,                0.77762,                0.62152,                0.73697,                0.38883,                0.95158,              0.0003535,              0.0003535,              0.0003535
                    105,                0.45942,                 0.5474,                0.29186,                0.82502,                 0.9371,                0.92667,                0.94729,                0.83493,                0.95182,                0.94006,                0.96187,                0.76956,                0.60979,                0.75088,                0.39274,                 0.9476,             0.00034997,             0.00034997,             0.00034997
                    106,                0.46851,                0.53812,                0.29616,                 0.8338,                0.92285,                0.93544,                0.94949,                0.83211,                0.93104,                0.94468,                0.96103,                0.77106,                0.61419,                0.73916,                 0.3948,                0.94969,             0.00034643,             0.00034643,             0.00034643
                    107,                0.46262,                0.53007,                0.28609,                0.83066,                0.93787,                0.93625,                0.95344,                0.83756,                0.94827,                0.94591,                0.96337,                0.78172,                0.60504,                0.73296,                0.39357,                 0.9487,              0.0003429,              0.0003429,              0.0003429
                    108,                0.47931,                0.51308,                0.28295,                0.82368,                0.93613,                0.91086,                0.95052,                0.83526,                0.93571,                0.93448,                 0.9614,                0.78454,                0.60547,                0.74288,                0.39413,                0.93956,             0.00033936,             0.00033936,             0.00033936
                    109,                 0.4446,                0.51225,                0.27692,                0.82208,                0.92503,                0.93289,                0.95299,                0.83696,                0.94273,                0.93383,                0.96043,                 0.7789,                0.60868,                0.72813,                0.39053,                0.94277,             0.00033583,             0.00033583,             0.00033583
                    110,                0.44186,                0.51456,                0.28372,                0.80929,                0.92119,                0.92657,                0.94481,                 0.8331,                0.93412,                0.94142,                0.95783,                0.77995,                0.60168,                0.71904,                 0.3995,                0.93358,              0.0003323,              0.0003323,              0.0003323
                    111,                0.44613,                0.52037,                0.30779,                 0.8201,                0.92118,                0.93769,                0.95304,                0.83876,                0.93557,                 0.9422,                0.96238,                0.78161,                0.61034,                0.76387,                0.37692,                0.93594,             0.00032876,             0.00032876,             0.00032876
                    112,                0.44128,                0.53379,                0.27563,                0.82315,                 0.9263,                0.93088,                0.94692,                0.82944,                0.94752,                0.93607,                0.96211,                0.77245,                0.60886,                0.74142,                0.39669,                0.93748,             0.00032523,             0.00032523,             0.00032523
                    113,                0.42874,                0.52265,                0.26485,                0.81551,                0.94319,                 0.9175,                0.94721,                0.83121,                0.95123,                0.93536,                0.96121,                0.78566,                0.60071,                 0.7495,                0.40232,                   0.93,             0.00032169,             0.00032169,             0.00032169
                    114,                0.44068,                0.52145,                0.28627,                0.81644,                0.94922,                0.92788,                0.95784,                0.83714,                 0.9483,                0.94899,                0.96754,                0.78565,                0.61855,                0.74723,                0.39106,                0.94386,             0.00031816,             0.00031816,             0.00031816
                    115,                0.44086,                0.50397,                0.28008,                0.81359,                0.93284,                0.93714,                0.95618,                0.84011,                0.95197,                0.94244,                0.96828,                0.78989,                0.62063,                0.74331,                0.38124,                0.95135,             0.00031462,             0.00031462,             0.00031462
                    116,                 0.4492,                0.54356,                0.28885,                0.81981,                0.94475,                0.92754,                0.95635,                0.84487,                0.96047,                0.94131,                0.96979,                0.79809,                0.62615,                0.72517,                0.37874,                0.94272,             0.00031109,             0.00031109,             0.00031109
                    117,                0.43265,                0.51604,                0.26439,                0.81626,                0.93593,                 0.9169,                 0.9524,                0.84118,                0.93921,                0.94283,                0.96603,                0.78062,                0.61024,                0.73085,                0.39151,                0.93718,             0.00030756,             0.00030756,             0.00030756
                    118,                0.45014,                0.53371,                0.27419,                 0.8168,                0.93674,                0.91982,                0.94683,                0.83587,                0.94943,                0.93199,                 0.9627,                0.78349,                0.60528,                0.72067,                 0.3886,                0.92964,             0.00030402,             0.00030402,             0.00030402
                    119,                 0.4232,                0.49456,                0.27113,                0.81452,                0.94186,                0.91571,                0.94829,                0.83748,                 0.9385,                0.94059,                0.96343,                 0.7827,                0.59969,                0.73354,                0.38162,                0.93577,             0.00030049,             0.00030049,             0.00030049
                    120,                0.43154,                0.50686,                 0.2589,                0.82331,                0.93064,                0.91488,                0.94542,                0.83293,                0.93946,                0.93209,                0.95997,                0.78203,                0.60128,                  0.725,                 0.3914,                0.93549,             0.00029695,             0.00029695,             0.00029695
                    121,                0.41887,                 0.4652,                0.26168,                0.82144,                0.92826,                0.93148,                0.94591,                0.83315,                0.95967,                0.93536,                0.96811,                 0.7779,                0.59958,                0.73758,                0.38068,                0.93388,             0.00029342,             0.00029342,             0.00029342
                    122,                 0.4511,                0.53362,                0.26782,                0.81653,                0.94077,                0.93134,                0.95405,                0.83862,                0.95324,                0.94492,                0.96352,                0.77441,                0.60447,                0.75729,                0.37718,                0.93473,             0.00028988,             0.00028988,             0.00028988
                    123,                0.41785,                0.49699,                0.25193,                0.80998,                0.92273,                0.93846,                0.95165,                 0.8344,                0.94492,                0.93948,                0.96142,                0.77701,                0.59738,                0.77246,                0.38193,                0.93436,             0.00028635,             0.00028635,             0.00028635
                    124,                0.40909,                0.48283,                0.25315,                0.81085,                0.92434,                 0.9341,                0.95989,                0.84513,                0.92617,                0.94444,                0.96562,                0.78867,                0.59959,                0.72836,                0.37578,                0.93421,             0.00028282,             0.00028282,             0.00028282
                    125,                 0.4335,                0.53179,                0.25678,                0.83093,                0.92561,                0.93841,                0.95949,                0.84476,                0.93294,                0.94583,                0.96799,                 0.7825,                0.59104,                0.73693,                0.37244,                0.93052,             0.00027928,             0.00027928,             0.00027928
                    126,                0.42005,                0.50957,                0.25451,                0.82069,                0.93807,                0.92892,                0.95608,                0.84689,                0.94232,                0.94445,                0.96557,                0.78319,                0.59031,                0.73898,                0.37048,                0.92874,             0.00027575,             0.00027575,             0.00027575
                    127,                0.41194,                0.48756,                0.25851,                0.81221,                0.93732,                0.92769,                0.95628,                 0.8375,                0.94789,                0.94213,                0.96072,                0.78411,                0.59009,                 0.7192,                0.36242,                0.93252,             0.00027221,             0.00027221,             0.00027221
                    128,                0.41511,                0.50876,                0.25287,                0.82348,                0.92313,                0.93059,                0.95365,                0.84471,                0.93656,                0.94032,                0.96344,                0.77973,                0.60339,                0.73577,                0.37227,                0.94644,             0.00026868,             0.00026868,             0.00026868
                    129,                0.40947,                0.48728,                0.25005,                0.80397,                0.92905,                0.94245,                0.95962,                0.84947,                0.95052,                0.94505,                0.96849,                0.78527,                0.59119,                0.72264,                0.36989,                0.93619,             0.00026514,             0.00026514,             0.00026514
                    130,                0.40747,                0.46581,                 0.2567,                0.81202,                  0.938,                0.92021,                0.95782,                0.84382,                0.94751,                0.94024,                0.96607,                0.78737,                0.59989,                0.73304,                0.37974,                0.94118,             0.00026161,             0.00026161,             0.00026161
                    131,                0.41841,                0.50922,                0.25594,                0.81182,                0.94604,                0.92767,                0.95583,                0.84481,                0.94968,                0.93307,                0.96515,                 0.7857,                0.59866,                 0.7298,                0.36774,                0.94417,             0.00025808,             0.00025808,             0.00025808
                    132,                0.39946,                 0.4468,                0.24807,                0.81123,                0.92965,                0.92756,                0.94987,                0.83853,                0.95095,                0.93042,                0.96104,                0.78093,                0.59944,                0.73781,                0.37384,                0.93879,             0.00025454,             0.00025454,             0.00025454
                    133,                0.40148,                 0.4563,                0.25726,                 0.8099,                0.94258,                0.91423,                0.95322,                0.83593,                0.94727,                0.92248,                 0.9601,                 0.7794,                0.60039,                0.74656,                0.38145,                0.93599,             0.00025101,             0.00025101,             0.00025101
                    134,                0.39967,                0.49864,                0.24193,                0.79397,                0.93013,                0.92622,                0.95151,                 0.8428,                0.94407,                0.93939,                0.96005,                0.77897,                0.58347,                0.73971,                0.37552,                0.92943,             0.00024747,             0.00024747,             0.00024747
                    135,                0.40592,                0.47792,                0.25583,                0.81317,                0.93006,                0.92348,                0.94967,                0.84442,                0.94015,                 0.9336,                0.95763,                0.77959,                0.58406,                0.72846,                0.38264,                0.92355,             0.00024394,             0.00024394,             0.00024394
                    136,                0.43366,                0.49208,                0.26614,                0.83087,                0.93556,                 0.9272,                0.95484,                0.84443,                0.94436,                0.93659,                0.96159,                 0.7847,                 0.5849,                0.71329,                0.37181,                0.92569,              0.0002404,              0.0002404,              0.0002404
                    137,                0.38715,                0.50158,                0.24466,                0.79561,                0.93622,                0.93772,                0.95722,                0.84902,                 0.9418,                0.94089,                0.96255,                0.78845,                0.58085,                0.70359,                0.37191,                0.92628,             0.00023687,             0.00023687,             0.00023687
                    138,                0.39644,                 0.4863,                0.24965,                0.80989,                0.94377,                0.93173,                 0.9558,                0.84823,                0.94517,                0.95011,                0.96316,                0.78592,                0.58057,                0.72138,                0.36086,                0.92483,             0.00023334,             0.00023334,             0.00023334
                    139,                0.38805,                0.48545,                0.24682,                0.79296,                0.93132,                0.94417,                0.95802,                0.84939,                0.93997,                0.95373,                0.96538,                0.79093,                 0.5859,                 0.7311,                0.35908,                 0.9273,              0.0002298,              0.0002298,              0.0002298
                    140,                0.38824,                0.48493,                0.24091,                 0.8028,                0.92462,                0.93937,                0.95554,                0.84487,                0.94076,                0.94686,                0.96467,                0.78689,                0.58783,                 0.7402,                0.35885,                0.93292,             0.00022627,             0.00022627,             0.00022627
                    141,                0.39853,                0.46322,                0.24699,                0.81197,                0.92994,                0.93981,                0.95536,                0.84873,                0.93849,                0.94939,                0.96531,                0.78732,                0.57728,                0.72417,                0.36535,                0.92478,             0.00022273,             0.00022273,             0.00022273
                    142,                 0.3917,                0.49221,                0.23527,                0.80152,                0.95052,                0.92533,                0.95807,                0.84921,                0.95224,                0.94134,                0.96518,                0.78669,                0.59046,                 0.7285,                0.36835,                0.93272,              0.0002192,              0.0002192,              0.0002192
                    143,                0.38496,                0.47229,                0.23447,                0.79923,                0.93463,                0.93888,                0.95899,                0.84705,                0.95054,                0.94452,                0.96795,                0.78828,                0.58744,                0.74555,                0.35719,                0.93268,             0.00021566,             0.00021566,             0.00021566
                    144,                0.39545,                0.48102,                0.23848,                0.80711,                0.93483,                0.93748,                0.95629,                 0.8479,                0.94541,                0.94567,                0.96693,                0.78818,                 0.5897,                0.73326,                0.35948,                0.93582,             0.00021213,             0.00021213,             0.00021213
                    145,                0.37786,                0.44678,                0.23584,                0.79292,                0.94563,                 0.9298,                0.95892,                0.84565,                0.95621,                0.94571,                0.97024,                0.78803,                0.58824,                0.74242,                0.36391,                0.93477,              0.0002086,              0.0002086,              0.0002086
                    146,                0.39582,                0.46484,                0.23302,                 0.8173,                0.93968,                0.93914,                0.95816,                0.85308,                0.94342,                0.95017,                0.96753,                0.78753,                0.58485,                0.74112,                0.35653,                0.92764,             0.00020506,             0.00020506,             0.00020506
                    147,                0.39231,                0.47989,                0.23976,                0.81568,                0.93487,                0.93437,                0.95616,                0.84831,                0.94903,                0.94139,                0.96602,                 0.7857,                  0.581,                0.74188,                0.35312,                0.92953,             0.00020153,             0.00020153,             0.00020153
                    148,                0.37898,                 0.4569,                0.24908,                 0.8066,                0.93427,                 0.9434,                0.95955,                0.85141,                0.94092,                0.95292,                 0.9679,                0.78552,                0.59025,                0.74775,                0.35338,                0.93736,             0.00019799,             0.00019799,             0.00019799
                    149,                0.37281,                 0.4391,                0.23774,                0.80515,                 0.9407,                0.93995,                0.95669,                0.84963,                0.94409,                0.94482,                0.96419,                0.78715,                0.59143,                0.73444,                0.34781,                0.93964,             0.00019446,             0.00019446,             0.00019446
                    150,                0.38611,                0.46967,                0.23501,                0.80962,                0.93996,                0.93777,                0.95708,                0.84702,                0.94696,                0.94627,                0.96655,                 0.7879,                0.58638,                0.73988,                0.35616,                0.93334,             0.00019092,             0.00019092,             0.00019092
                    151,                0.39254,                0.44847,                0.24206,                0.80231,                0.93011,                0.94472,                 0.9536,                0.84943,                0.94097,                0.95263,                0.96426,                0.79123,                 0.5849,                0.73088,                 0.3592,                0.93088,             0.00018739,             0.00018739,             0.00018739
                    152,                0.36951,                0.43345,                0.22814,                0.80751,                0.94691,                 0.9343,                0.95747,                0.84916,                0.94452,                0.95262,                0.96783,                0.78567,                0.58977,                 0.7369,                0.36926,                0.93632,             0.00018385,             0.00018385,             0.00018385
                    153,                0.37768,                 0.5038,                0.22726,                0.79872,                0.93017,                0.93575,                0.95524,                0.84861,                0.94272,                0.94901,                0.96595,                0.78851,                0.59094,                0.73218,                0.35736,                0.94066,             0.00018032,             0.00018032,             0.00018032
                    154,                0.37048,                0.46696,                0.22629,                0.80004,                0.94234,                0.92198,                0.95736,                0.84752,                0.94884,                0.93586,                0.96701,                0.78937,                0.58557,                0.71888,                0.36058,                0.93599,             0.00017679,             0.00017679,             0.00017679
                    155,                0.38305,                0.47625,                0.24264,                0.80379,                0.94595,                0.92776,                0.95709,                 0.8514,                0.95076,                0.94061,                0.96582,                0.78762,                0.58277,                0.72763,                0.35532,                 0.9346,             0.00017325,             0.00017325,             0.00017325
                    156,                0.35838,                0.46451,                0.21917,                0.79605,                0.93645,                0.94521,                0.96175,                 0.8553,                0.93979,                0.95667,                0.96662,                0.78743,                0.58856,                0.74326,                0.35501,                0.93981,             0.00016972,             0.00016972,             0.00016972
                    157,                0.38531,                0.46819,                0.23799,                0.80091,                0.94175,                 0.9413,                0.96005,                0.85296,                0.95038,                0.95373,                0.96731,                0.78881,                  0.586,                0.74741,                0.35651,                0.93879,             0.00016618,             0.00016618,             0.00016618
                    158,                0.36996,                0.44577,                0.23703,                  0.803,                0.94345,                0.93107,                0.95816,                0.85012,                0.95066,                0.93912,                0.96274,                0.78136,                0.58227,                0.74646,                0.35351,                0.93571,             0.00016265,             0.00016265,             0.00016265
                    159,                0.37104,                0.46789,                0.22503,                 0.8026,                 0.9472,                0.92876,                0.95993,                0.85055,                0.94645,                0.93973,                0.96665,                0.78849,                0.57917,                0.73942,                0.35567,                0.93128,             0.00015911,             0.00015911,             0.00015911
                    160,                0.35639,                 0.4694,                0.21808,                0.79901,                0.94625,                 0.9399,                0.96374,                0.85437,                0.94616,                0.95233,                0.96856,                0.79566,                0.57821,                0.74439,                0.34803,                0.93517,             0.00015558,             0.00015558,             0.00015558
                    161,                0.35693,                0.42049,                0.22109,                0.79112,                0.92796,                0.94716,                0.95939,                0.85394,                0.94576,                0.94472,                 0.9667,                0.79179,                0.57646,                0.74422,                0.34627,                0.93536,             0.00015205,             0.00015205,             0.00015205
                    162,                0.36966,                0.45534,                0.22738,                0.79843,                0.94845,                0.92835,                0.95994,                0.85413,                0.94879,                0.95338,                 0.9724,                0.78933,                0.57491,                0.74975,                0.35161,                0.93387,             0.00014851,             0.00014851,             0.00014851
                    163,                 0.3637,                 0.4357,                0.22221,                0.79036,                 0.9383,                0.94251,                0.96072,                 0.8557,                0.94849,                0.95108,                0.97054,                0.79663,                0.57582,                0.74047,                  0.351,                0.93432,             0.00014498,             0.00014498,             0.00014498
                    164,                0.35479,                0.49098,                0.21686,                0.79689,                0.93695,                0.93482,                0.96025,                0.85727,                0.94846,                0.94463,                0.97221,                0.79869,                0.57979,                0.72052,                0.34796,                0.93294,             0.00014144,             0.00014144,             0.00014144
                    165,                0.36488,                0.44162,                0.22071,                0.80972,                0.93891,                0.94348,                0.96031,                0.85119,                0.95267,                0.94968,                0.97047,                0.79221,                0.58369,                0.72646,                0.34085,                0.93327,             0.00013791,             0.00013791,             0.00013791
                    166,                0.34927,                0.43282,                0.21643,                0.80401,                0.95035,                0.93789,                0.96241,                0.85271,                0.95609,                0.94494,                0.96941,                0.79786,                0.58579,                0.73415,                0.34306,                0.93363,             0.00013437,             0.00013437,             0.00013437
                    167,                0.34438,                0.42163,                0.21602,                0.79685,                0.95282,                0.93361,                0.96242,                0.85659,                0.95368,                0.94261,                0.96853,                0.79451,                 0.5778,                0.75357,                0.34982,                0.93535,             0.00013084,             0.00013084,             0.00013084
                    168,                0.33748,                0.43029,                0.20347,                0.79476,                0.95248,                0.93482,                0.96366,                0.85415,                0.95323,                0.94681,                0.96987,                0.79078,                0.58741,                0.75863,                0.35091,                0.94457,             0.00012731,             0.00012731,             0.00012731
                    169,                0.37144,                0.45063,                0.21782,                 0.7999,                0.94949,                0.93805,                0.96465,                0.85439,                0.95465,                 0.9445,                0.96986,                0.79032,                 0.5844,                0.75855,                0.35001,                0.94268,             0.00012377,             0.00012377,             0.00012377
                    170,                0.35634,                0.45514,                0.21746,                0.80297,                0.95034,                0.93779,                0.96379,                0.85558,                0.95706,                0.94659,                0.96961,                0.79255,                0.58169,                0.76359,                0.34483,                0.94108,             0.00012024,             0.00012024,             0.00012024
                    171,                0.34504,                0.43792,                0.21081,                0.79741,                0.94798,                 0.9329,                0.96298,                0.85513,                0.95207,                0.94466,                0.97013,                0.79419,                 0.5791,                0.75832,                0.34321,                0.93906,              0.0001167,              0.0001167,              0.0001167
                    172,                0.34249,                0.44626,                0.21077,                0.79828,                0.92824,                0.94331,                0.96082,                0.85776,                0.94293,                 0.9545,                0.97031,                0.79457,                0.57918,                0.75138,                0.34352,                0.93967,             0.00011317,             0.00011317,             0.00011317
                    173,                0.34286,                0.41315,                 0.2167,                0.80839,                0.93027,                0.94652,                0.96254,                0.85498,                0.93812,                 0.9524,                0.96774,                0.79382,                0.57801,                0.76288,                0.34465,                0.93489,             0.00010963,             0.00010963,             0.00010963
                    174,                 0.3378,                0.42761,                0.20665,                0.79685,                0.93379,                 0.9472,                0.96166,                0.85561,                0.93999,                0.95306,                0.96766,                0.79337,                0.57889,                0.75644,                  0.341,                0.93401,              0.0001061,              0.0001061,              0.0001061
                    175,                0.34027,                0.41904,                0.21072,                0.78782,                0.93694,                0.94421,                0.96013,                 0.8523,                0.94396,                0.95044,                 0.9664,                0.79283,                0.58164,                0.75729,                0.34508,                0.93725,             0.00010257,             0.00010257,             0.00010257
                    176,                0.33549,                0.43537,                0.20698,                0.80268,                0.94995,                 0.9366,                0.96144,                0.85497,                0.95267,                0.94493,                0.96836,                0.79392,                0.57914,                0.75487,                0.33862,                0.93833,             9.9032e-05,             9.9032e-05,             9.9032e-05
                    177,                0.32417,                0.42473,                0.19993,                0.79031,                0.95303,                0.93595,                0.96164,                  0.856,                0.95454,                0.93743,                0.96824,                0.79514,                0.57968,                0.76128,                0.33637,                  0.939,             9.5498e-05,             9.5498e-05,             9.5498e-05
                    178,                0.33099,                0.41154,                0.20246,                0.79119,                0.94923,                0.93624,                  0.961,                0.85513,                0.95466,                0.94226,                0.96803,                0.79528,                0.58081,                0.75375,                0.33876,                0.93607,             9.1963e-05,             9.1963e-05,             9.1963e-05
                    179,                0.32611,                0.43273,                0.20052,                0.81176,                0.94328,                0.93691,                0.96146,                 0.8554,                0.94779,                0.94714,                0.96914,                0.80118,                  0.584,                0.76073,                0.33957,                0.93887,             8.8429e-05,             8.8429e-05,             8.8429e-05
                    180,                0.33681,                0.44916,                0.20262,                0.79637,                0.93526,                0.94962,                0.96155,                0.85375,                0.94063,                0.95507,                0.97001,                0.79955,                0.58551,                0.76668,                  0.338,                0.94138,             8.4895e-05,             8.4895e-05,             8.4895e-05
                    181,                0.33091,                0.43779,                0.20079,                0.78644,                0.94361,                0.93328,                0.95986,                0.85423,                  0.938,                0.95732,                0.96879,                0.79545,                0.58741,                0.78138,                0.33876,                 0.9455,              8.136e-05,              8.136e-05,              8.136e-05
                    182,                0.32085,                0.40653,                0.19418,                0.78106,                0.94473,                0.93843,                0.95954,                 0.8546,                0.94947,                0.95118,                0.96901,                0.79564,                0.58507,                0.77622,                 0.3382,                 0.9436,             7.7826e-05,             7.7826e-05,             7.7826e-05
                    183,                0.31857,                0.42251,                0.20065,                0.77601,                0.94544,                0.93554,                0.96127,                0.85336,                0.95086,                0.94344,                0.96955,                0.79575,                0.57904,                0.78183,                0.33897,                0.94029,             7.4292e-05,             7.4292e-05,             7.4292e-05
                    184,                0.31959,                0.44253,                 0.2005,                0.77958,                0.94734,                0.93391,                0.96071,                0.85549,                0.95421,                 0.9433,                0.96909,                0.79331,                0.58044,                0.77839,                0.34135,                0.93879,             7.0757e-05,             7.0757e-05,             7.0757e-05
                    185,                0.31502,                0.41788,                0.20111,                0.79465,                0.95041,                0.93337,                0.96137,                0.85245,                0.95803,                0.94507,                0.97072,                 0.7938,                0.58498,                0.77281,                0.33987,                0.94182,             6.7223e-05,             6.7223e-05,             6.7223e-05
                    186,                0.32639,                0.45251,                0.19592,                0.79326,                0.94796,                  0.938,                0.96321,                 0.8535,                0.95541,                0.95095,                0.97283,                0.79693,                 0.5844,                0.76634,                0.33228,                0.94445,             6.3689e-05,             6.3689e-05,             6.3689e-05
                    187,                 0.3167,                0.44604,                0.20297,                0.79376,                0.95048,                0.93666,                0.96236,                  0.855,                0.94916,                0.95809,                0.97121,                0.79604,                0.58165,                0.76452,                 0.3315,                0.94376,             6.0154e-05,             6.0154e-05,             6.0154e-05
                    188,                0.30809,                0.40423,                0.19031,                0.78922,                0.95264,                0.93605,                 0.9625,                0.85224,                0.95688,                0.94854,                0.97125,                0.79726,                0.58119,                0.76278,                0.33291,                0.94258,              5.662e-05,              5.662e-05,              5.662e-05
                    189,                0.31102,                0.43377,                0.19101,                0.78072,                0.95047,                0.93744,                0.96263,                0.85535,                0.95978,                0.94895,                0.97115,                0.79975,                0.58038,                0.76525,                 0.3371,                 0.9428,             5.3086e-05,             5.3086e-05,             5.3086e-05
                    190,                0.30323,                0.42287,                0.18975,                0.78056,                0.93903,                0.94796,                0.96243,                 0.8536,                0.94959,                0.95843,                0.97249,                0.80221,                0.57798,                0.76541,                0.33553,                0.94282,             4.9552e-05,             4.9552e-05,             4.9552e-05
                    191,                 0.3078,                0.39508,                0.19102,                0.77705,                0.94522,                0.94194,                 0.9622,                0.85346,                0.95739,                0.95144,                0.97228,                0.80025,                0.57862,                0.76989,                0.33513,                0.94121,             4.6017e-05,             4.6017e-05,             4.6017e-05
                    192,                0.30629,                 0.4127,                0.19185,                0.79521,                0.93557,                0.95293,                0.96192,                0.85645,                0.95102,                0.95667,                 0.9724,                  0.797,                0.57807,                0.77591,                0.33324,                0.94077,             4.2483e-05,             4.2483e-05,             4.2483e-05
                    193,                0.30943,                0.41881,                 0.1968,                0.79455,                0.93332,                0.95229,                0.96238,                0.85677,                0.94454,                0.96087,                 0.9724,                0.79884,                0.57633,                0.77428,                0.33381,                0.94119,             3.8949e-05,             3.8949e-05,             3.8949e-05
                    194,                0.30967,                0.40558,                0.19679,                0.77167,                0.94426,                0.94487,                0.96323,                0.85681,                0.95337,                0.95381,                0.97299,                0.79676,                0.57491,                0.77443,                0.33416,                0.94101,             3.5414e-05,             3.5414e-05,             3.5414e-05
                    195,                0.31071,                0.40808,                0.19368,                0.79031,                 0.9426,                0.94101,                0.96156,                0.85617,                0.95221,                0.95366,                0.97139,                0.79472,                0.57711,                0.77317,                0.33247,                0.94414,              3.188e-05,              3.188e-05,              3.188e-05
                    196,                0.29742,                0.41263,                0.18531,                0.78914,                0.94526,                0.94631,                0.96123,                0.85615,                0.95513,                0.95485,                0.97253,                0.79577,                0.57755,                0.77675,                0.33545,                 0.9445,             2.8346e-05,             2.8346e-05,             2.8346e-05
                    197,                0.31015,                0.41601,                0.18829,                0.78971,                0.94196,                0.94662,                0.96145,                0.85872,                 0.9513,                0.95487,                0.97219,                 0.7962,                0.57818,                0.77627,                 0.3347,                0.94478,             2.4812e-05,             2.4812e-05,             2.4812e-05
                    198,                0.30644,                0.41535,                 0.1988,                0.78215,                0.94557,                0.94563,                0.96164,                0.85596,                0.94829,                0.96207,                 0.9722,                0.79694,                0.57614,                0.77628,                0.33253,                  0.944,             2.1277e-05,             2.1277e-05,             2.1277e-05
                    199,                0.31686,                0.42611,                0.19344,                0.78747,                0.94618,                0.94334,                 0.9621,                 0.8568,                0.95429,                0.95118,                0.97141,                0.79683,                0.57738,                0.77497,                0.33007,                0.94475,             1.7743e-05,             1.7743e-05,             1.7743e-05
                    200,                0.31819,                0.43859,                0.19915,                0.79514,                0.94239,                0.94676,                0.96149,                0.85714,                0.94596,                0.95987,                0.97152,                0.79556,                0.57631,                0.77649,                0.32966,                0.94429,             1.4209e-05,             1.4209e-05,             1.4209e-05
